Quant Layer,W Bit,Div,Top 1,Top 5,Top1 Diff,Top5 Diff
conv2,8,128.1,71.866,90.28,-0.012000000000000455,-0.006000000000000227
