Quant Layer,W Bit,Div,Top 1,Top 5,Top1 Diff,Top5 Diff
conv2,8,127.4,71.88,90.29,0.001999999999995339,0.0040000000000048885
