Quant Layer,W Bit,Div,Top 1,Top 5,Top1 Diff,Top5 Diff
conv2,8,127.0,71.87,90.282,-0.007999999999995566,-0.0040000000000048885
