Quant Layer,W Bit,Div,Top 1,Top 5,Top1 Diff,Top5 Diff
conv1,8,128.0,71.874,90.3,-0.0040000000000048885,0.013999999999995794
