Quant Layer,W Bit,Div,Top 1,Top 5,Top1 Diff,Top5 Diff
conv2,8,128.5,71.848,90.262,-0.030000000000001137,-0.02400000000000091
