Quant Layer,W Bit,Div,Top 1,Top 5,Top1 Diff,Top5 Diff
conv1,8,127.2,71.852,90.256,-0.02599999999999625,-0.030000000000001137
