Quant Layer,W Bit,Div,Top 1,Top 5,Top1 Diff,Top5 Diff
conv1,8,127.0,71.864,90.276,-0.013999999999995794,-0.010000000000005116
