Quant Layer,W Bit,Div,Top 1,Top 5,Top1 Diff,Top5 Diff
conv1,8,200.0,53.584,77.496,-18.293999999999997,-12.790000000000006
