Quant Layer,W Bit,Div,Top 1,Top 5,Top1 Diff,Top5 Diff
conv1,8,127.3,71.85,90.264,-0.028000000000005798,-0.02200000000000557
