Quant Layer,W Bit,Div,Top 1,Top 5,Top1 Diff,Top5 Diff
conv1,8,127.5,71.838,90.294,-0.04000000000000625,0.007999999999995566
