Quant Layer,W Bit,Div,Top 1,Top 5,Top1 Diff,Top5 Diff
conv2,8,127.3,71.884,90.294,0.006000000000000227,0.007999999999995566
