Quant Layer,W Bit,Div,Top 1,Top 5,Top1 Diff,Top5 Diff
conv2,8,127.6,71.888,90.296,0.010000000000005116,0.010000000000005116
