Quant Layer,W Bit,Div,Top 1,Top 5,Top1 Diff,Top5 Diff
conv2,8,128.0,71.876,90.3,-0.001999999999995339,0.013999999999995794
