Quant Layer,W Bit,Div,Top 1,Top 5,Top1 Diff,Top5 Diff
conv1,8,127.8,71.862,90.31,-0.016000000000005343,0.02400000000000091
