Quant Layer,W Bit,Div,Top 1,Top 5,Top1 Diff,Top5 Diff
conv2,8,127.9,71.874,90.302,-0.0040000000000048885,0.016000000000005343
