Quant Layer,W Bit,Div,Top 1,Top 5,Top1 Diff,Top5 Diff
conv1,8,127.9,71.876,90.29,-0.001999999999995339,0.0040000000000048885
