Quant Layer,W Bit,Div,Top 1,Top 5,Top1 Diff,Top5 Diff
conv1,8,128.5,71.838,90.298,-0.04000000000000625,0.012000000000000455
