Quant Layer,W Bit,Div,Top 1,Top 5,Top1 Diff,Top5 Diff
conv1,8,128.1,71.866,90.296,-0.012000000000000455,0.010000000000005116
