Quant Layer,W Bit,Div,Top 1,Top 5,Top1 Diff,Top5 Diff
conv1,8,127.4,71.844,90.252,-0.034000000000006025,-0.034000000000006025
