Quant Layer,W Bit,Div,Top 1,Top 5,Top1 Diff,Top5 Diff
conv1,8,127.6,71.842,90.304,-0.036000000000001364,0.018000000000000682
