Quant Layer,W Bit,Div,Top 1,Top 5,Top1 Diff,Top5 Diff
conv1,8,127.1,71.86,90.254,-0.018000000000000682,-0.031999999999996476
