Quant Layer,W Bit,Div,Top 1,Top 5,Top1 Diff,Top5 Diff
dw10,8,200.0,70.32,89.698,-1.558000000000007,-0.5880000000000081
