Quant Layer,W Bit,Div,Top 1,Top 5,Top1 Diff,Top5 Diff
dw10,8,127.5,71.894,90.3,0.016000000000005343,0.013999999999995794
