Quant Layer,W Bit,Div,Top 1,Top 5,Top1 Diff,Top5 Diff
dw10,8,127.3,71.9,90.302,0.02200000000000557,0.016000000000005343
