Quant Layer,W Bit,Div,Top 1,Top 5,Top1 Diff,Top5 Diff
dw10,8,127.6,71.872,90.312,-0.006000000000000227,0.02599999999999625
