Quant Layer,W Bit,Div,Top 1,Top 5,Top1 Diff,Top5 Diff
dw10,8,128.1,71.88,90.316,0.001999999999995339,0.030000000000001137
