Quant Layer,W Bit,Div,Top 1,Top 5,Top1 Diff,Top5 Diff
dw10,8,127.8,71.858,90.304,-0.01999999999999602,0.018000000000000682
