Quant Layer,W Bit,Div,Top 1,Top 5,Top1 Diff,Top5 Diff
dw10,8,127.2,71.898,90.302,0.01999999999999602,0.016000000000005343
