Quant Layer,W Bit,Div,Top 1,Top 5,Top1 Diff,Top5 Diff
dw11,8,127.7,71.896,90.304,0.018000000000000682,0.018000000000000682
