Quant Layer,W Bit,Div,Top 1,Top 5,Top1 Diff,Top5 Diff
dw11,8,127.6,71.892,90.294,0.013999999999995794,0.007999999999995566
