Quant Layer,W Bit,Div,Top 1,Top 5,Top1 Diff,Top5 Diff
dw11,8,128.0,71.898,90.322,0.01999999999999602,0.036000000000001364
