Quant Layer,W Bit,Div,Top 1,Top 5,Top1 Diff,Top5 Diff
dw11,8,127.3,71.902,90.306,0.02400000000000091,0.01999999999999602
