Quant Layer,W Bit,Div,Top 1,Top 5,Top1 Diff,Top5 Diff
dw11,8,127.9,71.892,90.29,0.013999999999995794,0.0040000000000048885
