Quant Layer,W Bit,Div,Top 1,Top 5,Top1 Diff,Top5 Diff
dw11,8,128.1,71.912,90.318,0.034000000000006025,0.031999999999996476
