Quant Layer,W Bit,Div,Top 1,Top 5,Top1 Diff,Top5 Diff
dw11,8,128.5,71.91,90.294,0.031999999999996476,0.007999999999995566
