Quant Layer,W Bit,Div,Top 1,Top 5,Top1 Diff,Top5 Diff
dw11,8,127.0,71.818,90.31,-0.060000000000002274,0.02400000000000091
