Quant Layer,W Bit,Div,Top 1,Top 5,Top1 Diff,Top5 Diff
dw11,8,200.0,57.016,80.144,-14.862000000000002,-10.141999999999996
