Quant Layer,W Bit,Div,Top 1,Top 5,Top1 Diff,Top5 Diff
dw11,8,127.5,71.906,90.314,0.028000000000005798,0.027999999999991587
