Quant Layer,W Bit,Div,Top 1,Top 5,Top1 Diff,Top5 Diff
dw12,8,200.0,69.45,89.064,-2.4279999999999973,-1.2220000000000084
