Quant Layer,W Bit,Div,Top 1,Top 5,Top1 Diff,Top5 Diff
dw12,8,127.3,71.872,90.284,-0.006000000000000227,-0.001999999999995339
