Quant Layer,W Bit,Div,Top 1,Top 5,Top1 Diff,Top5 Diff
dw12,8,127.4,71.872,90.29,-0.006000000000000227,0.0040000000000048885
