Quant Layer,W Bit,Div,Top 1,Top 5,Top1 Diff,Top5 Diff
dw12,8,128.5,71.882,90.296,0.0040000000000048885,0.010000000000005116
