Quant Layer,W Bit,Div,Top 1,Top 5,Top1 Diff,Top5 Diff
dw12,8,127.9,71.92,90.306,0.04200000000000159,0.01999999999999602
