Quant Layer,W Bit,Div,Top 1,Top 5,Top1 Diff,Top5 Diff
dw12,8,127.1,71.852,90.294,-0.02599999999999625,0.007999999999995566
