Quant Layer,W Bit,Div,Top 1,Top 5,Top1 Diff,Top5 Diff
dw12,8,127.8,71.918,90.292,0.04000000000000625,0.006000000000000227
