Quant Layer,W Bit,Div,Top 1,Top 5,Top1 Diff,Top5 Diff
dw12,8,127.7,71.918,90.29,0.04000000000000625,0.0040000000000048885
