Quant Layer,W Bit,Div,Top 1,Top 5,Top1 Diff,Top5 Diff
dw12,8,128.0,71.908,90.282,0.030000000000001137,-0.0040000000000048885
