Quant Layer,W Bit,Div,Top 1,Top 5,Top1 Diff,Top5 Diff
dw13,8,127.4,71.84,90.282,-0.0379999999999967,-0.0040000000000048885
