Quant Layer,W Bit,Div,Top 1,Top 5,Top1 Diff,Top5 Diff
dw13,8,128.0,71.856,90.288,-0.02200000000000557,0.001999999999995339
