Quant Layer,W Bit,Div,Top 1,Top 5,Top1 Diff,Top5 Diff
dw13,8,127.9,71.874,90.3,-0.0040000000000048885,0.013999999999995794
