Quant Layer,W Bit,Div,Top 1,Top 5,Top1 Diff,Top5 Diff
dw13,8,127.8,71.874,90.318,-0.0040000000000048885,0.031999999999996476
