Quant Layer,W Bit,Div,Top 1,Top 5,Top1 Diff,Top5 Diff
dw13,8,200.0,70.336,89.614,-1.5420000000000016,-0.671999999999997
