Quant Layer,W Bit,Div,Top 1,Top 5,Top1 Diff,Top5 Diff
dw13,8,128.1,71.858,90.3,-0.01999999999999602,0.013999999999995794
