Quant Layer,W Bit,Div,Top 1,Top 5,Top1 Diff,Top5 Diff
dw13,8,127.7,71.86,90.288,-0.018000000000000682,0.001999999999995339
