Quant Layer,W Bit,Div,Top 1,Top 5,Top1 Diff,Top5 Diff
dw13,8,127.6,71.862,90.304,-0.016000000000005343,0.018000000000000682
