Quant Layer,W Bit,Div,Top 1,Top 5,Top1 Diff,Top5 Diff
dw14,8,127.7,71.872,90.322,-0.006000000000000227,0.036000000000001364
