Quant Layer,W Bit,Div,Top 1,Top 5,Top1 Diff,Top5 Diff
dw14,8,200.0,66.246,86.984,-5.632000000000005,-3.3020000000000067
