Quant Layer,W Bit,Div,Top 1,Top 5,Top1 Diff,Top5 Diff
dw14,8,127.3,71.85,90.262,-0.028000000000005798,-0.02400000000000091
