Quant Layer,W Bit,Div,Top 1,Top 5,Top1 Diff,Top5 Diff
dw14,8,127.2,71.884,90.296,0.006000000000000227,0.010000000000005116
