Quant Layer,W Bit,Div,Top 1,Top 5,Top1 Diff,Top5 Diff
dw14,8,128.0,71.862,90.326,-0.016000000000005343,0.03999999999999204
