Quant Layer,W Bit,Div,Top 1,Top 5,Top1 Diff,Top5 Diff
dw14,8,127.1,71.85,90.274,-0.028000000000005798,-0.012000000000000455
