Quant Layer,W Bit,Div,Top 1,Top 5,Top1 Diff,Top5 Diff
dw14,8,128.5,71.86,90.266,-0.018000000000000682,-0.01999999999999602
