Quant Layer,W Bit,Div,Top 1,Top 5,Top1 Diff,Top5 Diff
dw14,8,127.9,71.882,90.31,0.0040000000000048885,0.02400000000000091
