Quant Layer,W Bit,Div,Top 1,Top 5,Top1 Diff,Top5 Diff
dw14,8,128.1,71.876,90.304,-0.001999999999995339,0.018000000000000682
