Quant Layer,W Bit,Div,Top 1,Top 5,Top1 Diff,Top5 Diff
dw14,8,127.0,71.896,90.292,0.018000000000000682,0.006000000000000227
