Quant Layer,W Bit,Div,Top 1,Top 5,Top1 Diff,Top5 Diff
dw15,8,127.8,71.862,90.278,-0.016000000000005343,-0.007999999999995566
