Quant Layer,W Bit,Div,Top 1,Top 5,Top1 Diff,Top5 Diff
dw15,8,127.1,71.876,90.29,-0.001999999999995339,0.0040000000000048885
