Quant Layer,W Bit,Div,Top 1,Top 5,Top1 Diff,Top5 Diff
dw15,8,127.3,71.844,90.248,-0.034000000000006025,-0.0379999999999967
