Quant Layer,W Bit,Div,Top 1,Top 5,Top1 Diff,Top5 Diff
dw15,8,128.5,71.844,90.302,-0.034000000000006025,0.016000000000005343
