Quant Layer,W Bit,Div,Top 1,Top 5,Top1 Diff,Top5 Diff
dw15,8,127.4,71.856,90.25,-0.02200000000000557,-0.036000000000001364
