Quant Layer,W Bit,Div,Top 1,Top 5,Top1 Diff,Top5 Diff
dw15,8,127.5,71.882,90.278,0.0040000000000048885,-0.007999999999995566
