Quant Layer,W Bit,Div,Top 1,Top 5,Top1 Diff,Top5 Diff
dw15,8,128.1,71.836,90.288,-0.04200000000000159,0.001999999999995339
