Quant Layer,W Bit,Div,Top 1,Top 5,Top1 Diff,Top5 Diff
dw15,8,127.2,71.868,90.27,-0.010000000000005116,-0.016000000000005343
