Quant Layer,W Bit,Div,Top 1,Top 5,Top1 Diff,Top5 Diff
dw15,8,200.0,66.882,87.468,-4.995999999999995,-2.817999999999998
