Quant Layer,W Bit,Div,Top 1,Top 5,Top1 Diff,Top5 Diff
dw16,8,128.0,71.818,90.294,-0.060000000000002274,0.007999999999995566
