Quant Layer,W Bit,Div,Top 1,Top 5,Top1 Diff,Top5 Diff
dw16,8,127.4,71.918,90.316,0.04000000000000625,0.030000000000001137
