Quant Layer,W Bit,Div,Top 1,Top 5,Top1 Diff,Top5 Diff
dw16,8,127.9,71.888,90.298,0.010000000000005116,0.012000000000000455
