Quant Layer,W Bit,Div,Top 1,Top 5,Top1 Diff,Top5 Diff
dw16,8,128.5,71.812,90.302,-0.0660000000000025,0.016000000000005343
