Quant Layer,W Bit,Div,Top 1,Top 5,Top1 Diff,Top5 Diff
dw16,8,200.0,70.186,89.308,-1.691999999999993,-0.9779999999999944
