Quant Layer,W Bit,Div,Top 1,Top 5,Top1 Diff,Top5 Diff
dw16,8,128.1,71.84,90.31,-0.0379999999999967,0.02400000000000091
