Quant Layer,W Bit,Div,Top 1,Top 5,Top1 Diff,Top5 Diff
dw17,8,200.0,69.13,88.636,-2.7480000000000047,-1.6500000000000057
