Quant Layer,W Bit,Div,Top 1,Top 5,Top1 Diff,Top5 Diff
dw17,8,127.6,71.86,90.272,-0.018000000000000682,-0.013999999999995794
