Quant Layer,W Bit,Div,Top 1,Top 5,Top1 Diff,Top5 Diff
dw17,8,127.7,71.838,90.284,-0.04000000000000625,-0.001999999999995339
