Quant Layer,W Bit,Div,Top 1,Top 5,Top1 Diff,Top5 Diff
dw17,8,128.5,71.884,90.288,0.006000000000000227,0.001999999999995339
