Quant Layer,W Bit,Div,Top 1,Top 5,Top1 Diff,Top5 Diff
dw17,8,127.4,71.87,90.266,-0.007999999999995566,-0.01999999999999602
