Quant Layer,W Bit,Div,Top 1,Top 5,Top1 Diff,Top5 Diff
dw17,8,128.0,71.912,90.288,0.034000000000006025,0.001999999999995339
