Quant Layer,W Bit,Div,Top 1,Top 5,Top1 Diff,Top5 Diff
dw17,8,127.9,71.892,90.278,0.013999999999995794,-0.007999999999995566
