Quant Layer,W Bit,Div,Top 1,Top 5,Top1 Diff,Top5 Diff
dw17,8,127.3,71.846,90.262,-0.031999999999996476,-0.02400000000000091
