Quant Layer,W Bit,Div,Top 1,Top 5,Top1 Diff,Top5 Diff
dw1,8,127.4,71.764,90.238,-0.11400000000000432,-0.04800000000000182
