Quant Layer,W Bit,Div,Top 1,Top 5,Top1 Diff,Top5 Diff
dw1,8,127.9,71.648,90.236,-0.23000000000000398,-0.04999999999999716
