Quant Layer,W Bit,Div,Top 1,Top 5,Top1 Diff,Top5 Diff
dw1,8,127.5,71.654,90.27,-0.22400000000000375,-0.016000000000005343
