Quant Layer,W Bit,Div,Top 1,Top 5,Top1 Diff,Top5 Diff
dw1,8,127.7,71.226,89.95,-0.652000000000001,-0.3359999999999985
