Quant Layer,W Bit,Div,Top 1,Top 5,Top1 Diff,Top5 Diff
dw1,8,128.5,71.096,89.856,-0.7819999999999965,-0.4300000000000068
