Quant Layer,W Bit,Div,Top 1,Top 5,Top1 Diff,Top5 Diff
dw1,8,127.2,71.756,90.288,-0.12199999999999989,0.001999999999995339
