Quant Layer,W Bit,Div,Top 1,Top 5,Top1 Diff,Top5 Diff
dw1,8,127.8,71.284,89.996,-0.5939999999999941,-0.29000000000000625
