Quant Layer,W Bit,Div,Top 1,Top 5,Top1 Diff,Top5 Diff
dw1,8,127.1,71.744,90.298,-0.13400000000000034,0.012000000000000455
