Quant Layer,W Bit,Div,Top 1,Top 5,Top1 Diff,Top5 Diff
dw1,8,127.6,71.554,90.198,-0.32399999999999807,-0.08800000000000807
