Quant Layer,W Bit,Div,Top 1,Top 5,Top1 Diff,Top5 Diff
dw1,8,128.0,71.41,90.11,-0.4680000000000035,-0.17600000000000193
