Quant Layer,W Bit,Div,Top 1,Top 5,Top1 Diff,Top5 Diff
dw2,8,127.3,71.81,90.326,-0.06799999999999784,0.03999999999999204
