Quant Layer,W Bit,Div,Top 1,Top 5,Top1 Diff,Top5 Diff
dw2,8,128.1,71.844,90.324,-0.034000000000006025,0.0379999999999967
