Quant Layer,W Bit,Div,Top 1,Top 5,Top1 Diff,Top5 Diff
dw2,8,127.2,71.802,90.31,-0.0759999999999934,0.02400000000000091
