Quant Layer,W Bit,Div,Top 1,Top 5,Top1 Diff,Top5 Diff
dw2,8,127.7,71.808,90.338,-0.06999999999999318,0.0519999999999925
