Quant Layer,W Bit,Div,Top 1,Top 5,Top1 Diff,Top5 Diff
dw2,8,127.4,71.768,90.26,-0.10999999999999943,-0.02599999999999625
