Quant Layer,W Bit,Div,Top 1,Top 5,Top1 Diff,Top5 Diff
dw2,8,128.0,71.804,90.302,-0.07399999999999807,0.016000000000005343
