Quant Layer,W Bit,Div,Top 1,Top 5,Top1 Diff,Top5 Diff
dw2,8,127.8,71.824,90.33,-0.054000000000002046,0.04399999999999693
