Quant Layer,W Bit,Div,Top 1,Top 5,Top1 Diff,Top5 Diff
dw2,8,127.0,71.778,90.324,-0.09999999999999432,0.0379999999999967
