Quant Layer,W Bit,Div,Top 1,Top 5,Top1 Diff,Top5 Diff
dw2,8,127.1,71.794,90.328,-0.08400000000000318,0.04200000000000159
