Quant Layer,W Bit,Div,Top 1,Top 5,Top1 Diff,Top5 Diff
dw2,8,127.9,71.846,90.33,-0.031999999999996476,0.04399999999999693
