Quant Layer,W Bit,Div,Top 1,Top 5,Top1 Diff,Top5 Diff
dw2,8,128.5,71.85,90.288,-0.028000000000005798,0.001999999999995339
