Quant Layer,W Bit,Div,Top 1,Top 5,Top1 Diff,Top5 Diff
dw2,8,127.6,71.8,90.338,-0.07800000000000296,0.0519999999999925
