Quant Layer,W Bit,Div,Top 1,Top 5,Top1 Diff,Top5 Diff
dw2,8,127.5,71.814,90.312,-0.06400000000000716,0.02599999999999625
