Quant Layer,W Bit,Div,Top 1,Top 5,Top1 Diff,Top5 Diff
dw3,8,127.7,71.852,90.258,-0.02599999999999625,-0.028000000000005798
