Quant Layer,W Bit,Div,Top 1,Top 5,Top1 Diff,Top5 Diff
dw3,8,200.0,44.474,69.34,-27.404000000000003,-20.945999999999998
