Quant Layer,W Bit,Div,Top 1,Top 5,Top1 Diff,Top5 Diff
dw3,8,127.2,71.81,90.282,-0.06799999999999784,-0.0040000000000048885
