Quant Layer,W Bit,Div,Top 1,Top 5,Top1 Diff,Top5 Diff
dw3,8,127.1,71.792,90.29,-0.08599999999999852,0.0040000000000048885
