Quant Layer,W Bit,Div,Top 1,Top 5,Top1 Diff,Top5 Diff
dw3,8,128.5,71.808,90.264,-0.06999999999999318,-0.02200000000000557
