Quant Layer,W Bit,Div,Top 1,Top 5,Top1 Diff,Top5 Diff
dw3,8,127.8,71.884,90.27,0.006000000000000227,-0.016000000000005343
