Quant Layer,W Bit,Div,Top 1,Top 5,Top1 Diff,Top5 Diff
dw3,8,128.0,71.824,90.302,-0.054000000000002046,0.016000000000005343
