Quant Layer,W Bit,Div,Top 1,Top 5,Top1 Diff,Top5 Diff
dw3,8,127.0,71.788,90.274,-0.09000000000000341,-0.012000000000000455
