Quant Layer,W Bit,Div,Top 1,Top 5,Top1 Diff,Top5 Diff
dw4,8,128.1,71.884,90.334,0.006000000000000227,0.04800000000000182
