Quant Layer,W Bit,Div,Top 1,Top 5,Top1 Diff,Top5 Diff
dw4,8,127.9,71.852,90.318,-0.02599999999999625,0.031999999999996476
