Quant Layer,W Bit,Div,Top 1,Top 5,Top1 Diff,Top5 Diff
dw4,8,127.5,71.874,90.304,-0.0040000000000048885,0.018000000000000682
