Quant Layer,W Bit,Div,Top 1,Top 5,Top1 Diff,Top5 Diff
dw4,8,128.5,71.886,90.314,0.007999999999995566,0.027999999999991587
