Quant Layer,W Bit,Div,Top 1,Top 5,Top1 Diff,Top5 Diff
dw4,8,127.7,71.902,90.292,0.02400000000000091,0.006000000000000227
