Quant Layer,W Bit,Div,Top 1,Top 5,Top1 Diff,Top5 Diff
dw4,8,127.8,71.868,90.26,-0.010000000000005116,-0.02599999999999625
