Quant Layer,W Bit,Div,Top 1,Top 5,Top1 Diff,Top5 Diff
dw4,8,127.2,71.856,90.308,-0.02200000000000557,0.02200000000000557
