Quant Layer,W Bit,Div,Top 1,Top 5,Top1 Diff,Top5 Diff
dw5,8,128.1,71.856,90.266,-0.02200000000000557,-0.01999999999999602
