Quant Layer,W Bit,Div,Top 1,Top 5,Top1 Diff,Top5 Diff
dw5,8,127.2,71.84,90.302,-0.0379999999999967,0.016000000000005343
