Quant Layer,W Bit,Div,Top 1,Top 5,Top1 Diff,Top5 Diff
dw5,8,128.0,71.852,90.264,-0.02599999999999625,-0.02200000000000557
