Quant Layer,W Bit,Div,Top 1,Top 5,Top1 Diff,Top5 Diff
dw5,8,127.3,71.846,90.296,-0.031999999999996476,0.010000000000005116
