Quant Layer,W Bit,Div,Top 1,Top 5,Top1 Diff,Top5 Diff
dw5,8,127.0,71.836,90.27,-0.04200000000000159,-0.016000000000005343
