Quant Layer,W Bit,Div,Top 1,Top 5,Top1 Diff,Top5 Diff
dw5,8,128.5,71.832,90.288,-0.04600000000000648,0.001999999999995339
