Quant Layer,W Bit,Div,Top 1,Top 5,Top1 Diff,Top5 Diff
dw5,8,127.9,71.88,90.288,0.001999999999995339,0.001999999999995339
