Quant Layer,W Bit,Div,Top 1,Top 5,Top1 Diff,Top5 Diff
dw5,8,200.0,66.348,87.298,-5.530000000000001,-2.9879999999999995
