Quant Layer,W Bit,Div,Top 1,Top 5,Top1 Diff,Top5 Diff
dw5,8,127.1,71.834,90.302,-0.04399999999999693,0.016000000000005343
