Quant Layer,W Bit,Div,Top 1,Top 5,Top1 Diff,Top5 Diff
dw6,8,128.1,71.884,90.292,0.006000000000000227,0.006000000000000227
