Quant Layer,W Bit,Div,Top 1,Top 5,Top1 Diff,Top5 Diff
dw6,8,127.5,71.89,90.298,0.012000000000000455,0.012000000000000455
