Quant Layer,W Bit,Div,Top 1,Top 5,Top1 Diff,Top5 Diff
dw6,8,127.2,71.874,90.262,-0.0040000000000048885,-0.02400000000000091
