Quant Layer,W Bit,Div,Top 1,Top 5,Top1 Diff,Top5 Diff
dw6,8,127.8,71.9,90.294,0.02200000000000557,0.007999999999995566
