Quant Layer,W Bit,Div,Top 1,Top 5,Top1 Diff,Top5 Diff
dw6,8,200.0,65.254,86.388,-6.623999999999995,-3.897999999999996
