Quant Layer,W Bit,Div,Top 1,Top 5,Top1 Diff,Top5 Diff
dw6,8,128.5,71.84,90.306,-0.0379999999999967,0.01999999999999602
