Quant Layer,W Bit,Div,Top 1,Top 5,Top1 Diff,Top5 Diff
dw6,8,127.4,71.888,90.302,0.010000000000005116,0.016000000000005343
