Quant Layer,W Bit,Div,Top 1,Top 5,Top1 Diff,Top5 Diff
dw7,8,127.5,71.838,90.308,-0.04000000000000625,0.02200000000000557
