Quant Layer,W Bit,Div,Top 1,Top 5,Top1 Diff,Top5 Diff
dw7,8,128.1,71.846,90.284,-0.031999999999996476,-0.001999999999995339
