Quant Layer,W Bit,Div,Top 1,Top 5,Top1 Diff,Top5 Diff
dw7,8,127.6,71.848,90.306,-0.030000000000001137,0.01999999999999602
