Quant Layer,W Bit,Div,Top 1,Top 5,Top1 Diff,Top5 Diff
dw7,8,127.8,71.86,90.292,-0.018000000000000682,0.006000000000000227
