Quant Layer,W Bit,Div,Top 1,Top 5,Top1 Diff,Top5 Diff
dw7,8,127.7,71.872,90.302,-0.006000000000000227,0.016000000000005343
