Quant Layer,W Bit,Div,Top 1,Top 5,Top1 Diff,Top5 Diff
dw7,8,128.5,71.858,90.292,-0.01999999999999602,0.006000000000000227
