Quant Layer,W Bit,Div,Top 1,Top 5,Top1 Diff,Top5 Diff
dw7,8,200.0,66.258,86.67,-5.6200000000000045,-3.6159999999999997
