Quant Layer,W Bit,Div,Top 1,Top 5,Top1 Diff,Top5 Diff
dw8,8,200.0,66.168,86.974,-5.709999999999994,-3.3119999999999976
