Quant Layer,W Bit,Div,Top 1,Top 5,Top1 Diff,Top5 Diff
dw8,8,127.4,71.862,90.292,-0.016000000000005343,0.006000000000000227
