Quant Layer,W Bit,Div,Top 1,Top 5,Top1 Diff,Top5 Diff
dw8,8,127.6,71.902,90.304,0.02400000000000091,0.018000000000000682
