Quant Layer,W Bit,Div,Top 1,Top 5,Top1 Diff,Top5 Diff
dw8,8,128.1,71.888,90.33,0.010000000000005116,0.04399999999999693
