Quant Layer,W Bit,Div,Top 1,Top 5,Top1 Diff,Top5 Diff
dw8,8,127.2,71.854,90.276,-0.02400000000000091,-0.010000000000005116
