Quant Layer,W Bit,Div,Top 1,Top 5,Top1 Diff,Top5 Diff
dw8,8,127.8,71.876,90.312,-0.001999999999995339,0.02599999999999625
