Quant Layer,W Bit,Div,Top 1,Top 5,Top1 Diff,Top5 Diff
dw8,8,128.0,71.884,90.332,0.006000000000000227,0.04599999999999227
