Quant Layer,W Bit,Div,Top 1,Top 5,Top1 Diff,Top5 Diff
dw8,8,127.9,71.922,90.334,0.04399999999999693,0.04800000000000182
