Quant Layer,W Bit,Div,Top 1,Top 5,Top1 Diff,Top5 Diff
dw8,8,127.5,71.898,90.3,0.01999999999999602,0.013999999999995794
