Quant Layer,W Bit,Div,Top 1,Top 5,Top1 Diff,Top5 Diff
dw9,8,127.9,71.846,90.304,-0.031999999999996476,0.018000000000000682
