Quant Layer,W Bit,Div,Top 1,Top 5,Top1 Diff,Top5 Diff
dw9,8,127.3,71.836,90.26,-0.04200000000000159,-0.02599999999999625
