Quant Layer,W Bit,Div,Top 1,Top 5,Top1 Diff,Top5 Diff
dw9,8,127.5,71.868,90.306,-0.010000000000005116,0.01999999999999602
