Quant Layer,W Bit,Div,Top 1,Top 5,Top1 Diff,Top5 Diff
dw9,8,128.5,71.86,90.282,-0.018000000000000682,-0.0040000000000048885
