Quant Layer,W Bit,Div,Top 1,Top 5,Top1 Diff,Top5 Diff
dw9,8,200.0,70.306,89.59,-1.5720000000000027,-0.695999999999998
