Quant Layer,W Bit,Div,Top 1,Top 5,Top1 Diff,Top5 Diff
dw9,8,127.8,71.864,90.284,-0.013999999999995794,-0.001999999999995339
