Quant Layer,W Bit,Div,Top 1,Top 5,Top1 Diff,Top5 Diff
dw9,8,128.0,71.838,90.28,-0.04000000000000625,-0.006000000000000227
