Quant Layer,W Bit,Div,Top 1,Top 5,Top1 Diff,Top5 Diff
dw9,8,127.4,71.868,90.296,-0.010000000000005116,0.010000000000005116
