Quant Layer,W Bit,Div,Top 1,Top 5,Top1 Diff,Top5 Diff
fc1,8,127.0,71.888,90.288,0.010000000000005116,0.001999999999995339
