Quant Layer,W Bit,Div,Top 1,Top 5,Top1 Diff,Top5 Diff
fc1,8,127.5,71.892,90.3,0.013999999999995794,0.013999999999995794
