Quant Layer,W Bit,Div,Top 1,Top 5,Top1 Diff,Top5 Diff
fc1,8,127.9,71.87,90.284,-0.007999999999995566,-0.001999999999995339
