Quant Layer,W Bit,Div,Top 1,Top 5,Top1 Diff,Top5 Diff
fc1,8,127.4,71.894,90.302,0.016000000000005343,0.016000000000005343
