Quant Layer,W Bit,Div,Top 1,Top 5,Top1 Diff,Top5 Diff
fc1,8,127.3,71.856,90.264,-0.02200000000000557,-0.02200000000000557
