Quant Layer,W Bit,Div,Top 1,Top 5,Top1 Diff,Top5 Diff
fc1,8,200.0,71.292,90.26,-0.5859999999999985,-0.02599999999999625
