Quant Layer,W Bit,Div,Top 1,Top 5,Top1 Diff,Top5 Diff
fc1,8,127.7,71.868,90.294,-0.010000000000005116,0.007999999999995566
