Quant Layer,W Bit,Div,Top 1,Top 5,Top1 Diff,Top5 Diff
fc1,8,127.8,71.862,90.298,-0.016000000000005343,0.012000000000000455
