Quant Layer,W Bit,Div,Top 1,Top 5,Top1 Diff,Top5 Diff
pw10_1,8,127.1,71.872,90.318,-0.006000000000000227,0.031999999999996476
