Quant Layer,W Bit,Div,Top 1,Top 5,Top1 Diff,Top5 Diff
pw10_1,8,128.1,71.856,90.29,-0.02200000000000557,0.0040000000000048885
