Quant Layer,W Bit,Div,Top 1,Top 5,Top1 Diff,Top5 Diff
pw10_1,8,128.5,71.872,90.282,-0.006000000000000227,-0.0040000000000048885
