Quant Layer,W Bit,Div,Top 1,Top 5,Top1 Diff,Top5 Diff
pw10_2,8,127.9,71.89,90.278,0.012000000000000455,-0.007999999999995566
