Quant Layer,W Bit,Div,Top 1,Top 5,Top1 Diff,Top5 Diff
pw10_2,8,127.3,71.874,90.296,-0.0040000000000048885,0.010000000000005116
