Quant Layer,W Bit,Div,Top 1,Top 5,Top1 Diff,Top5 Diff
pw10_2,8,128.0,71.882,90.288,0.0040000000000048885,0.001999999999995339
