Quant Layer,W Bit,Div,Top 1,Top 5,Top1 Diff,Top5 Diff
pw10_2,8,200.0,71.35,90.158,-0.5280000000000058,-0.1280000000000001
