Quant Layer,W Bit,Div,Top 1,Top 5,Top1 Diff,Top5 Diff
pw10_1,8,200.0,71.6,90.21,-0.2780000000000058,-0.07600000000000762
