Quant Layer,W Bit,Div,Top 1,Top 5,Top1 Diff,Top5 Diff
pw10_2,8,127.7,71.868,90.292,-0.010000000000005116,0.006000000000000227
