Quant Layer,W Bit,Div,Top 1,Top 5,Top1 Diff,Top5 Diff
pw10_1,8,127.5,71.862,90.312,-0.016000000000005343,0.02599999999999625
