Quant Layer,W Bit,Div,Top 1,Top 5,Top1 Diff,Top5 Diff
pw10_2,8,127.8,71.866,90.282,-0.012000000000000455,-0.0040000000000048885
