Quant Layer,W Bit,Div,Top 1,Top 5,Top1 Diff,Top5 Diff
pw10_2,8,127.1,71.86,90.276,-0.018000000000000682,-0.010000000000005116
