Quant Layer,W Bit,Div,Top 1,Top 5,Top1 Diff,Top5 Diff
pw11_1,8,200.0,70.242,89.442,-1.6359999999999957,-0.8440000000000083
