Quant Layer,W Bit,Div,Top 1,Top 5,Top1 Diff,Top5 Diff
pw11_2,8,128.5,71.894,90.314,0.016000000000005343,0.027999999999991587
