Quant Layer,W Bit,Div,Top 1,Top 5,Top1 Diff,Top5 Diff
pw11_2,8,127.0,71.856,90.296,-0.02200000000000557,0.010000000000005116
