Quant Layer,W Bit,Div,Top 1,Top 5,Top1 Diff,Top5 Diff
pw11_1,8,128.1,71.86,90.302,-0.018000000000000682,0.016000000000005343
