Quant Layer,W Bit,Div,Top 1,Top 5,Top1 Diff,Top5 Diff
pw11_2,8,127.7,71.876,90.318,-0.001999999999995339,0.031999999999996476
