Quant Layer,W Bit,Div,Top 1,Top 5,Top1 Diff,Top5 Diff
pw11_2,8,127.9,71.854,90.31,-0.02400000000000091,0.02400000000000091
