Quant Layer,W Bit,Div,Top 1,Top 5,Top1 Diff,Top5 Diff
pw11_1,8,127.7,71.858,90.288,-0.01999999999999602,0.001999999999995339
