Quant Layer,W Bit,Div,Top 1,Top 5,Top1 Diff,Top5 Diff
pw11_1,8,128.0,71.846,90.276,-0.031999999999996476,-0.010000000000005116
