Quant Layer,W Bit,Div,Top 1,Top 5,Top1 Diff,Top5 Diff
pw11_2,8,200.0,69.92,89.382,-1.9579999999999984,-0.9039999999999964
