Quant Layer,W Bit,Div,Top 1,Top 5,Top1 Diff,Top5 Diff
pw11_2,8,128.0,71.862,90.308,-0.016000000000005343,0.02200000000000557
