Quant Layer,W Bit,Div,Top 1,Top 5,Top1 Diff,Top5 Diff
pw11_1,8,127.1,71.822,90.264,-0.055999999999997385,-0.02200000000000557
