Quant Layer,W Bit,Div,Top 1,Top 5,Top1 Diff,Top5 Diff
pw11_1,8,127.2,71.842,90.29,-0.036000000000001364,0.0040000000000048885
