Quant Layer,W Bit,Div,Top 1,Top 5,Top1 Diff,Top5 Diff
pw11_1,8,127.5,71.868,90.29,-0.010000000000005116,0.0040000000000048885
