Quant Layer,W Bit,Div,Top 1,Top 5,Top1 Diff,Top5 Diff
pw11_1,8,128.5,71.896,90.304,0.018000000000000682,0.018000000000000682
