Quant Layer,W Bit,Div,Top 1,Top 5,Top1 Diff,Top5 Diff
pw12_1,8,200.0,71.558,90.214,-0.3199999999999932,-0.07200000000000273
