Quant Layer,W Bit,Div,Top 1,Top 5,Top1 Diff,Top5 Diff
pw12_1,8,127.3,71.832,90.246,-0.04600000000000648,-0.04000000000000625
