Quant Layer,W Bit,Div,Top 1,Top 5,Top1 Diff,Top5 Diff
pw12_2,8,127.6,71.852,90.304,-0.02599999999999625,0.018000000000000682
