Quant Layer,W Bit,Div,Top 1,Top 5,Top1 Diff,Top5 Diff
pw12_1,8,127.0,71.834,90.304,-0.04399999999999693,0.018000000000000682
