Quant Layer,W Bit,Div,Top 1,Top 5,Top1 Diff,Top5 Diff
pw12_1,8,127.5,71.852,90.296,-0.02599999999999625,0.010000000000005116
