Quant Layer,W Bit,Div,Top 1,Top 5,Top1 Diff,Top5 Diff
pw12_2,8,127.7,71.858,90.314,-0.01999999999999602,0.027999999999991587
