Quant Layer,W Bit,Div,Top 1,Top 5,Top1 Diff,Top5 Diff
pw12_1,8,128.0,71.856,90.294,-0.02200000000000557,0.007999999999995566
