Quant Layer,W Bit,Div,Top 1,Top 5,Top1 Diff,Top5 Diff
pw12_2,8,200.0,71.03,89.86,-0.847999999999999,-0.42600000000000193
