Quant Layer,W Bit,Div,Top 1,Top 5,Top1 Diff,Top5 Diff
pw12_2,8,127.3,71.812,90.25,-0.0660000000000025,-0.036000000000001364
