Quant Layer,W Bit,Div,Top 1,Top 5,Top1 Diff,Top5 Diff
pw12_1,8,127.8,71.832,90.274,-0.04600000000000648,-0.012000000000000455
