Quant Layer,W Bit,Div,Top 1,Top 5,Top1 Diff,Top5 Diff
pw12_1,8,127.7,71.848,90.294,-0.030000000000001137,0.007999999999995566
