Quant Layer,W Bit,Div,Top 1,Top 5,Top1 Diff,Top5 Diff
pw12_1,8,127.6,71.854,90.298,-0.02400000000000091,0.012000000000000455
