Quant Layer,W Bit,Div,Top 1,Top 5,Top1 Diff,Top5 Diff
pw12_2,8,128.1,71.858,90.272,-0.01999999999999602,-0.013999999999995794
