Quant Layer,W Bit,Div,Top 1,Top 5,Top1 Diff,Top5 Diff
pw12_2,8,127.5,71.882,90.306,0.0040000000000048885,0.01999999999999602
