Quant Layer,W Bit,Div,Top 1,Top 5,Top1 Diff,Top5 Diff
pw13_1,8,127.5,71.848,90.3,-0.030000000000001137,0.013999999999995794
