Quant Layer,W Bit,Div,Top 1,Top 5,Top1 Diff,Top5 Diff
pw13_2,8,127.9,71.888,90.282,0.010000000000005116,-0.0040000000000048885
