Quant Layer,W Bit,Div,Top 1,Top 5,Top1 Diff,Top5 Diff
pw13_1,8,128.5,71.864,90.296,-0.013999999999995794,0.010000000000005116
