Quant Layer,W Bit,Div,Top 1,Top 5,Top1 Diff,Top5 Diff
pw13_1,8,127.4,71.834,90.284,-0.04399999999999693,-0.001999999999995339
