Quant Layer,W Bit,Div,Top 1,Top 5,Top1 Diff,Top5 Diff
pw13_1,8,200.0,71.504,90.15,-0.3739999999999952,-0.13599999999999568
