Quant Layer,W Bit,Div,Top 1,Top 5,Top1 Diff,Top5 Diff
pw13_2,8,127.5,71.87,90.296,-0.007999999999995566,0.010000000000005116
