Quant Layer,W Bit,Div,Top 1,Top 5,Top1 Diff,Top5 Diff
pw13_1,8,127.2,71.854,90.302,-0.02400000000000091,0.016000000000005343
