Quant Layer,W Bit,Div,Top 1,Top 5,Top1 Diff,Top5 Diff
pw13_1,8,127.9,71.86,90.296,-0.018000000000000682,0.010000000000005116
