Quant Layer,W Bit,Div,Top 1,Top 5,Top1 Diff,Top5 Diff
pw13_2,8,127.8,71.892,90.288,0.013999999999995794,0.001999999999995339
