Quant Layer,W Bit,Div,Top 1,Top 5,Top1 Diff,Top5 Diff
pw13_1,8,127.0,71.838,90.302,-0.04000000000000625,0.016000000000005343
