Quant Layer,W Bit,Div,Top 1,Top 5,Top1 Diff,Top5 Diff
pw13_1,8,128.1,71.844,90.278,-0.034000000000006025,-0.007999999999995566
