Quant Layer,W Bit,Div,Top 1,Top 5,Top1 Diff,Top5 Diff
pw13_1,8,127.1,71.842,90.326,-0.036000000000001364,0.03999999999999204
