Quant Layer,W Bit,Div,Top 1,Top 5,Top1 Diff,Top5 Diff
pw13_2,8,127.4,71.874,90.284,-0.0040000000000048885,-0.001999999999995339
