Quant Layer,W Bit,Div,Top 1,Top 5,Top1 Diff,Top5 Diff
pw13_1,8,127.6,71.848,90.302,-0.030000000000001137,0.016000000000005343
