Quant Layer,W Bit,Div,Top 1,Top 5,Top1 Diff,Top5 Diff
pw13_2,8,128.5,71.88,90.282,0.001999999999995339,-0.0040000000000048885
