Quant Layer,W Bit,Div,Top 1,Top 5,Top1 Diff,Top5 Diff
pw13_2,8,200.0,70.55,89.728,-1.328000000000003,-0.5580000000000069
