Quant Layer,W Bit,Div,Top 1,Top 5,Top1 Diff,Top5 Diff
pw14_2,8,127.8,71.912,90.28,0.034000000000006025,-0.006000000000000227
