Quant Layer,W Bit,Div,Top 1,Top 5,Top1 Diff,Top5 Diff
pw14_1,8,200.0,70.972,89.87,-0.9060000000000059,-0.4159999999999968
