Quant Layer,W Bit,Div,Top 1,Top 5,Top1 Diff,Top5 Diff
pw14_1,8,127.8,71.882,90.276,0.0040000000000048885,-0.010000000000005116
