Quant Layer,W Bit,Div,Top 1,Top 5,Top1 Diff,Top5 Diff
pw14_1,8,127.7,71.886,90.284,0.007999999999995566,-0.001999999999995339
