Quant Layer,W Bit,Div,Top 1,Top 5,Top1 Diff,Top5 Diff
pw14_2,8,200.0,68.818,88.774,-3.0600000000000023,-1.5120000000000005
