Quant Layer,W Bit,Div,Top 1,Top 5,Top1 Diff,Top5 Diff
pw14_2,8,127.3,71.9,90.3,0.02200000000000557,0.013999999999995794
