Quant Layer,W Bit,Div,Top 1,Top 5,Top1 Diff,Top5 Diff
pw14_1,8,127.2,71.854,90.266,-0.02400000000000091,-0.01999999999999602
