Quant Layer,W Bit,Div,Top 1,Top 5,Top1 Diff,Top5 Diff
pw14_2,8,128.5,71.774,90.222,-0.1039999999999992,-0.06400000000000716
