Quant Layer,W Bit,Div,Top 1,Top 5,Top1 Diff,Top5 Diff
pw14_2,8,128.1,71.882,90.278,0.0040000000000048885,-0.007999999999995566
