Quant Layer,W Bit,Div,Top 1,Top 5,Top1 Diff,Top5 Diff
pw14_2,8,127.5,71.936,90.308,0.058000000000006935,0.02200000000000557
