Quant Layer,W Bit,Div,Top 1,Top 5,Top1 Diff,Top5 Diff
pw14_1,8,128.1,71.88,90.294,0.001999999999995339,0.007999999999995566
