Quant Layer,W Bit,Div,Top 1,Top 5,Top1 Diff,Top5 Diff
pw14_1,8,128.5,71.882,90.294,0.0040000000000048885,0.007999999999995566
