Quant Layer,W Bit,Div,Top 1,Top 5,Top1 Diff,Top5 Diff
pw14_2,8,127.0,71.934,90.288,0.055999999999997385,0.001999999999995339
