Quant Layer,W Bit,Div,Top 1,Top 5,Top1 Diff,Top5 Diff
pw14_2,8,127.2,71.894,90.284,0.016000000000005343,-0.001999999999995339
