Quant Layer,W Bit,Div,Top 1,Top 5,Top1 Diff,Top5 Diff
pw14_2,8,127.6,71.906,90.294,0.028000000000005798,0.007999999999995566
