Quant Layer,W Bit,Div,Top 1,Top 5,Top1 Diff,Top5 Diff
pw15_2,8,127.3,71.822,90.26,-0.055999999999997385,-0.02599999999999625
