Quant Layer,W Bit,Div,Top 1,Top 5,Top1 Diff,Top5 Diff
pw15_1,8,127.0,71.842,90.28,-0.036000000000001364,-0.006000000000000227
