Quant Layer,W Bit,Div,Top 1,Top 5,Top1 Diff,Top5 Diff
pw15_1,8,127.1,71.82,90.27,-0.058000000000006935,-0.016000000000005343
