Quant Layer,W Bit,Div,Top 1,Top 5,Top1 Diff,Top5 Diff
pw15_1,8,127.4,71.832,90.296,-0.04600000000000648,0.010000000000005116
