Quant Layer,W Bit,Div,Top 1,Top 5,Top1 Diff,Top5 Diff
pw15_2,8,128.1,71.838,90.314,-0.04000000000000625,0.027999999999991587
