Quant Layer,W Bit,Div,Top 1,Top 5,Top1 Diff,Top5 Diff
pw15_1,8,127.8,71.83,90.296,-0.04800000000000182,0.010000000000005116
