Quant Layer,W Bit,Div,Top 1,Top 5,Top1 Diff,Top5 Diff
pw15_2,8,127.7,71.852,90.282,-0.02599999999999625,-0.0040000000000048885
