Quant Layer,W Bit,Div,Top 1,Top 5,Top1 Diff,Top5 Diff
pw15_2,8,127.6,71.844,90.276,-0.034000000000006025,-0.010000000000005116
