Quant Layer,W Bit,Div,Top 1,Top 5,Top1 Diff,Top5 Diff
pw15_2,8,127.1,71.836,90.246,-0.04200000000000159,-0.04000000000000625
