Quant Layer,W Bit,Div,Top 1,Top 5,Top1 Diff,Top5 Diff
pw15_1,8,127.7,71.824,90.294,-0.054000000000002046,0.007999999999995566
