Quant Layer,W Bit,Div,Top 1,Top 5,Top1 Diff,Top5 Diff
pw15_1,8,127.3,71.846,90.298,-0.031999999999996476,0.012000000000000455
