Quant Layer,W Bit,Div,Top 1,Top 5,Top1 Diff,Top5 Diff
pw15_1,8,128.1,71.854,90.308,-0.02400000000000091,0.02200000000000557
