Quant Layer,W Bit,Div,Top 1,Top 5,Top1 Diff,Top5 Diff
pw15_1,8,128.0,71.828,90.3,-0.04999999999999716,0.013999999999995794
