Quant Layer,W Bit,Div,Top 1,Top 5,Top1 Diff,Top5 Diff
pw15_1,8,128.5,71.838,90.29,-0.04000000000000625,0.0040000000000048885
