Quant Layer,W Bit,Div,Top 1,Top 5,Top1 Diff,Top5 Diff
pw15_1,8,127.2,71.792,90.252,-0.08599999999999852,-0.034000000000006025
