Quant Layer,W Bit,Div,Top 1,Top 5,Top1 Diff,Top5 Diff
pw15_1,8,200.0,71.768,90.298,-0.10999999999999943,0.012000000000000455
