Quant Layer,W Bit,Div,Top 1,Top 5,Top1 Diff,Top5 Diff
pw15_1,8,127.9,71.842,90.276,-0.036000000000001364,-0.010000000000005116
