Quant Layer,W Bit,Div,Top 1,Top 5,Top1 Diff,Top5 Diff
pw15_2,8,200.0,71.316,90.074,-0.5619999999999976,-0.2120000000000033
