Quant Layer,W Bit,Div,Top 1,Top 5,Top1 Diff,Top5 Diff
pw16_2,8,200.0,71.194,90.07,-0.6839999999999975,-0.21600000000000819
