Quant Layer,W Bit,Div,Top 1,Top 5,Top1 Diff,Top5 Diff
pw16_2,8,127.6,71.854,90.288,-0.02400000000000091,0.001999999999995339
