Quant Layer,W Bit,Div,Top 1,Top 5,Top1 Diff,Top5 Diff
pw16_1,8,128.5,71.862,90.298,-0.016000000000005343,0.012000000000000455
