Quant Layer,W Bit,Div,Top 1,Top 5,Top1 Diff,Top5 Diff
pw16_1,8,127.3,71.852,90.28,-0.02599999999999625,-0.006000000000000227
