Quant Layer,W Bit,Div,Top 1,Top 5,Top1 Diff,Top5 Diff
pw16_2,8,127.9,71.86,90.3,-0.018000000000000682,0.013999999999995794
