Quant Layer,W Bit,Div,Top 1,Top 5,Top1 Diff,Top5 Diff
pw16_2,8,128.1,71.86,90.318,-0.018000000000000682,0.031999999999996476
