Quant Layer,W Bit,Div,Top 1,Top 5,Top1 Diff,Top5 Diff
pw16_1,8,127.1,71.842,90.298,-0.036000000000001364,0.012000000000000455
