Quant Layer,W Bit,Div,Top 1,Top 5,Top1 Diff,Top5 Diff
pw16_1,8,200.0,70.08,89.194,-1.7980000000000018,-1.0919999999999987
