Quant Layer,W Bit,Div,Top 1,Top 5,Top1 Diff,Top5 Diff
pw16_1,8,127.5,71.876,90.296,-0.001999999999995339,0.010000000000005116
