Quant Layer,W Bit,Div,Top 1,Top 5,Top1 Diff,Top5 Diff
pw16_2,8,128.5,71.862,90.302,-0.016000000000005343,0.016000000000005343
