Quant Layer,W Bit,Div,Top 1,Top 5,Top1 Diff,Top5 Diff
pw16_2,8,127.4,71.834,90.256,-0.04399999999999693,-0.030000000000001137
