Quant Layer,W Bit,Div,Top 1,Top 5,Top1 Diff,Top5 Diff
pw16_2,8,127.2,71.856,90.298,-0.02200000000000557,0.012000000000000455
