Quant Layer,W Bit,Div,Top 1,Top 5,Top1 Diff,Top5 Diff
pw16_2,8,127.0,71.83,90.296,-0.04800000000000182,0.010000000000005116
