Quant Layer,W Bit,Div,Top 1,Top 5,Top1 Diff,Top5 Diff
pw17_2,8,128.0,71.858,90.264,-0.01999999999999602,-0.02200000000000557
