Quant Layer,W Bit,Div,Top 1,Top 5,Top1 Diff,Top5 Diff
pw17_1,8,128.0,71.812,90.28,-0.0660000000000025,-0.006000000000000227
