Quant Layer,W Bit,Div,Top 1,Top 5,Top1 Diff,Top5 Diff
pw17_1,8,127.0,71.892,90.28,0.013999999999995794,-0.006000000000000227
