Quant Layer,W Bit,Div,Top 1,Top 5,Top1 Diff,Top5 Diff
pw17_1,8,128.5,71.844,90.284,-0.034000000000006025,-0.001999999999995339
