Quant Layer,W Bit,Div,Top 1,Top 5,Top1 Diff,Top5 Diff
pw17_1,8,127.6,71.864,90.298,-0.013999999999995794,0.012000000000000455
