Quant Layer,W Bit,Div,Top 1,Top 5,Top1 Diff,Top5 Diff
pw17_2,8,127.2,71.814,90.292,-0.06400000000000716,0.006000000000000227
