Quant Layer,W Bit,Div,Top 1,Top 5,Top1 Diff,Top5 Diff
pw17_2,8,127.9,71.862,90.268,-0.016000000000005343,-0.018000000000000682
