Quant Layer,W Bit,Div,Top 1,Top 5,Top1 Diff,Top5 Diff
pw17_1,8,127.2,71.844,90.298,-0.034000000000006025,0.012000000000000455
