Quant Layer,W Bit,Div,Top 1,Top 5,Top1 Diff,Top5 Diff
pw17_2,8,127.3,71.816,90.276,-0.06199999999999761,-0.010000000000005116
