Quant Layer,W Bit,Div,Top 1,Top 5,Top1 Diff,Top5 Diff
pw17_1,8,200.0,70.888,90.052,-0.9899999999999949,-0.23399999999999466
