Quant Layer,W Bit,Div,Top 1,Top 5,Top1 Diff,Top5 Diff
pw17_2,8,127.8,71.854,90.296,-0.02400000000000091,0.010000000000005116
