Quant Layer,W Bit,Div,Top 1,Top 5,Top1 Diff,Top5 Diff
pw17_1,8,128.1,71.82,90.25,-0.058000000000006935,-0.036000000000001364
