Quant Layer,W Bit,Div,Top 1,Top 5,Top1 Diff,Top5 Diff
pw17_2,8,127.6,71.9,90.288,0.02200000000000557,0.001999999999995339
