Quant Layer,W Bit,Div,Top 1,Top 5,Top1 Diff,Top5 Diff
pw17_1,8,127.5,71.856,90.308,-0.02200000000000557,0.02200000000000557
