Quant Layer,W Bit,Div,Top 1,Top 5,Top1 Diff,Top5 Diff
pw17_1,8,127.1,71.876,90.306,-0.001999999999995339,0.01999999999999602
