Quant Layer,W Bit,Div,Top 1,Top 5,Top1 Diff,Top5 Diff
pw1_1,8,127.3,71.808,90.274,-0.06999999999999318,-0.012000000000000455
