Quant Layer,W Bit,Div,Top 1,Top 5,Top1 Diff,Top5 Diff
pw1_1,8,128.5,71.782,90.262,-0.09600000000000364,-0.02400000000000091
