Quant Layer,W Bit,Div,Top 1,Top 5,Top1 Diff,Top5 Diff
pw1_1,8,127.8,71.838,90.258,-0.04000000000000625,-0.028000000000005798
