Quant Layer,W Bit,Div,Top 1,Top 5,Top1 Diff,Top5 Diff
pw1_1,8,127.4,71.84,90.294,-0.0379999999999967,0.007999999999995566
