Quant Layer,W Bit,Div,Top 1,Top 5,Top1 Diff,Top5 Diff
pw1_1,8,127.5,71.872,90.304,-0.006000000000000227,0.018000000000000682
