Quant Layer,W Bit,Div,Top 1,Top 5,Top1 Diff,Top5 Diff
pw1_1,8,127.1,71.786,90.27,-0.09199999999999875,-0.016000000000005343
