Quant Layer,W Bit,Div,Top 1,Top 5,Top1 Diff,Top5 Diff
pw1_1,8,127.7,71.85,90.238,-0.028000000000005798,-0.04800000000000182
