Quant Layer,W Bit,Div,Top 1,Top 5,Top1 Diff,Top5 Diff
pw1_1,8,128.0,71.83,90.31,-0.04800000000000182,0.02400000000000091
