Quant Layer,W Bit,Div,Top 1,Top 5,Top1 Diff,Top5 Diff
pw1_1,8,127.9,71.83,90.254,-0.04800000000000182,-0.031999999999996476
