Quant Layer,W Bit,Div,Top 1,Top 5,Top1 Diff,Top5 Diff
pw1_1,8,128.1,71.834,90.278,-0.04399999999999693,-0.007999999999995566
