Quant Layer,W Bit,Div,Top 1,Top 5,Top1 Diff,Top5 Diff
pw1_1,8,127.2,71.758,90.278,-0.12000000000000455,-0.007999999999995566
