Quant Layer,W Bit,Div,Top 1,Top 5,Top1 Diff,Top5 Diff
pw2_2,8,128.5,71.908,90.306,0.030000000000001137,0.01999999999999602
