Quant Layer,W Bit,Div,Top 1,Top 5,Top1 Diff,Top5 Diff
pw2_1,8,127.9,71.874,90.25,-0.0040000000000048885,-0.036000000000001364
