Quant Layer,W Bit,Div,Top 1,Top 5,Top1 Diff,Top5 Diff
pw2_1,8,128.0,71.88,90.28,0.001999999999995339,-0.006000000000000227
