Quant Layer,W Bit,Div,Top 1,Top 5,Top1 Diff,Top5 Diff
pw2_1,8,127.1,71.842,90.272,-0.036000000000001364,-0.013999999999995794
