Quant Layer,W Bit,Div,Top 1,Top 5,Top1 Diff,Top5 Diff
pw2_1,8,127.0,71.888,90.3,0.010000000000005116,0.013999999999995794
