Quant Layer,W Bit,Div,Top 1,Top 5,Top1 Diff,Top5 Diff
pw2_1,8,127.7,71.89,90.29,0.012000000000000455,0.0040000000000048885
