Quant Layer,W Bit,Div,Top 1,Top 5,Top1 Diff,Top5 Diff
pw2_1,8,127.2,71.838,90.262,-0.04000000000000625,-0.02400000000000091
