Quant Layer,W Bit,Div,Top 1,Top 5,Top1 Diff,Top5 Diff
pw2_2,8,128.0,71.884,90.312,0.006000000000000227,0.02599999999999625
