Quant Layer,W Bit,Div,Top 1,Top 5,Top1 Diff,Top5 Diff
pw2_1,8,200.0,68.34,88.498,-3.5379999999999967,-1.7879999999999967
