Quant Layer,W Bit,Div,Top 1,Top 5,Top1 Diff,Top5 Diff
pw2_1,8,127.8,71.868,90.264,-0.010000000000005116,-0.02200000000000557
