Quant Layer,W Bit,Div,Top 1,Top 5,Top1 Diff,Top5 Diff
pw2_2,8,127.0,71.892,90.312,0.013999999999995794,0.02599999999999625
