Quant Layer,W Bit,Div,Top 1,Top 5,Top1 Diff,Top5 Diff
pw2_1,8,127.6,71.886,90.276,0.007999999999995566,-0.010000000000005116
