Quant Layer,W Bit,Div,Top 1,Top 5,Top1 Diff,Top5 Diff
pw2_2,8,127.5,71.912,90.304,0.034000000000006025,0.018000000000000682
