Quant Layer,W Bit,Div,Top 1,Top 5,Top1 Diff,Top5 Diff
pw2_2,8,127.1,71.896,90.312,0.018000000000000682,0.02599999999999625
