Quant Layer,W Bit,Div,Top 1,Top 5,Top1 Diff,Top5 Diff
pw2_2,8,127.8,71.84,90.28,-0.0379999999999967,-0.006000000000000227
