Quant Layer,W Bit,Div,Top 1,Top 5,Top1 Diff,Top5 Diff
pw2_2,8,200.0,58.216,80.978,-13.661999999999999,-9.308000000000007
