Quant Layer,W Bit,Div,Top 1,Top 5,Top1 Diff,Top5 Diff
pw3_2,8,127.9,71.92,90.344,0.04200000000000159,0.057999999999992724
