Quant Layer,W Bit,Div,Top 1,Top 5,Top1 Diff,Top5 Diff
pw3_1,8,128.1,71.81,90.296,-0.06799999999999784,0.010000000000005116
