Quant Layer,W Bit,Div,Top 1,Top 5,Top1 Diff,Top5 Diff
pw3_2,8,128.0,71.904,90.338,0.02599999999999625,0.0519999999999925
