Quant Layer,W Bit,Div,Top 1,Top 5,Top1 Diff,Top5 Diff
pw3_2,8,127.3,71.852,90.304,-0.02599999999999625,0.018000000000000682
