Quant Layer,W Bit,Div,Top 1,Top 5,Top1 Diff,Top5 Diff
pw3_2,8,127.7,71.894,90.316,0.016000000000005343,0.030000000000001137
