Quant Layer,W Bit,Div,Top 1,Top 5,Top1 Diff,Top5 Diff
pw3_2,8,200.0,58.068,80.684,-13.810000000000002,-9.602000000000004
