Quant Layer,W Bit,Div,Top 1,Top 5,Top1 Diff,Top5 Diff
pw3_1,8,127.6,71.858,90.326,-0.01999999999999602,0.03999999999999204
