Quant Layer,W Bit,Div,Top 1,Top 5,Top1 Diff,Top5 Diff
pw3_2,8,128.1,71.908,90.318,0.030000000000001137,0.031999999999996476
