Quant Layer,W Bit,Div,Top 1,Top 5,Top1 Diff,Top5 Diff
pw3_2,8,127.1,71.864,90.28,-0.013999999999995794,-0.006000000000000227
