Quant Layer,W Bit,Div,Top 1,Top 5,Top1 Diff,Top5 Diff
pw3_2,8,127.6,71.892,90.306,0.013999999999995794,0.01999999999999602
