Quant Layer,W Bit,Div,Top 1,Top 5,Top1 Diff,Top5 Diff
pw3_2,8,127.2,71.876,90.288,-0.001999999999995339,0.001999999999995339
