Quant Layer,W Bit,Div,Top 1,Top 5,Top1 Diff,Top5 Diff
pw3_1,8,127.5,71.864,90.308,-0.013999999999995794,0.02200000000000557
