Quant Layer,W Bit,Div,Top 1,Top 5,Top1 Diff,Top5 Diff
pw3_1,8,127.9,71.814,90.3,-0.06400000000000716,0.013999999999995794
