Quant Layer,W Bit,Div,Top 1,Top 5,Top1 Diff,Top5 Diff
pw4_2,8,127.2,71.868,90.252,-0.010000000000005116,-0.034000000000006025
