Quant Layer,W Bit,Div,Top 1,Top 5,Top1 Diff,Top5 Diff
pw4_2,8,127.9,71.866,90.292,-0.012000000000000455,0.006000000000000227
