Quant Layer,W Bit,Div,Top 1,Top 5,Top1 Diff,Top5 Diff
pw4_2,8,127.0,71.866,90.268,-0.012000000000000455,-0.018000000000000682
