Quant Layer,W Bit,Div,Top 1,Top 5,Top1 Diff,Top5 Diff
pw4_2,8,127.1,71.872,90.266,-0.006000000000000227,-0.01999999999999602
