Quant Layer,W Bit,Div,Top 1,Top 5,Top1 Diff,Top5 Diff
pw4_1,8,128.0,71.852,90.284,-0.02599999999999625,-0.001999999999995339
