Quant Layer,W Bit,Div,Top 1,Top 5,Top1 Diff,Top5 Diff
pw4_2,8,128.5,71.92,90.29,0.04200000000000159,0.0040000000000048885
