Quant Layer,W Bit,Div,Top 1,Top 5,Top1 Diff,Top5 Diff
pw4_1,8,127.4,71.884,90.282,0.006000000000000227,-0.0040000000000048885
