Quant Layer,W Bit,Div,Top 1,Top 5,Top1 Diff,Top5 Diff
pw4_1,8,128.1,71.858,90.276,-0.01999999999999602,-0.010000000000005116
