Quant Layer,W Bit,Div,Top 1,Top 5,Top1 Diff,Top5 Diff
pw4_2,8,127.7,71.886,90.312,0.007999999999995566,0.02599999999999625
