Quant Layer,W Bit,Div,Top 1,Top 5,Top1 Diff,Top5 Diff
pw4_2,8,200.0,66.268,87.084,-5.609999999999999,-3.201999999999998
