Quant Layer,W Bit,Div,Top 1,Top 5,Top1 Diff,Top5 Diff
pw4_1,8,200.0,68.112,88.168,-3.7660000000000053,-2.117999999999995
