Quant Layer,W Bit,Div,Top 1,Top 5,Top1 Diff,Top5 Diff
pw4_1,8,127.3,71.886,90.298,0.007999999999995566,0.012000000000000455
