Quant Layer,W Bit,Div,Top 1,Top 5,Top1 Diff,Top5 Diff
pw4_2,8,127.5,71.884,90.296,0.006000000000000227,0.010000000000005116
