Quant Layer,W Bit,Div,Top 1,Top 5,Top1 Diff,Top5 Diff
pw4_1,8,127.7,71.888,90.29,0.010000000000005116,0.0040000000000048885
