Quant Layer,W Bit,Div,Top 1,Top 5,Top1 Diff,Top5 Diff
pw5_2,8,127.9,71.882,90.316,0.0040000000000048885,0.030000000000001137
