Quant Layer,W Bit,Div,Top 1,Top 5,Top1 Diff,Top5 Diff
pw5_1,8,127.7,71.882,90.314,0.0040000000000048885,0.027999999999991587
