Quant Layer,W Bit,Div,Top 1,Top 5,Top1 Diff,Top5 Diff
pw5_2,8,127.1,71.858,90.28,-0.01999999999999602,-0.006000000000000227
