Quant Layer,W Bit,Div,Top 1,Top 5,Top1 Diff,Top5 Diff
pw5_2,8,128.5,71.844,90.28,-0.034000000000006025,-0.006000000000000227
