Quant Layer,W Bit,Div,Top 1,Top 5,Top1 Diff,Top5 Diff
pw5_1,8,127.1,71.856,90.274,-0.02200000000000557,-0.012000000000000455
