Quant Layer,W Bit,Div,Top 1,Top 5,Top1 Diff,Top5 Diff
pw5_1,8,127.6,71.866,90.318,-0.012000000000000455,0.031999999999996476
