Quant Layer,W Bit,Div,Top 1,Top 5,Top1 Diff,Top5 Diff
pw5_2,8,200.0,70.94,89.916,-0.9380000000000024,-0.37000000000000455
