Quant Layer,W Bit,Div,Top 1,Top 5,Top1 Diff,Top5 Diff
pw5_2,8,127.4,71.866,90.298,-0.012000000000000455,0.012000000000000455
