Quant Layer,W Bit,Div,Top 1,Top 5,Top1 Diff,Top5 Diff
pw5_1,8,127.9,71.888,90.322,0.010000000000005116,0.036000000000001364
