Quant Layer,W Bit,Div,Top 1,Top 5,Top1 Diff,Top5 Diff
pw5_2,8,127.2,71.848,90.276,-0.030000000000001137,-0.010000000000005116
