Quant Layer,W Bit,Div,Top 1,Top 5,Top1 Diff,Top5 Diff
pw5_2,8,127.7,71.886,90.31,0.007999999999995566,0.02400000000000091
