Quant Layer,W Bit,Div,Top 1,Top 5,Top1 Diff,Top5 Diff
pw5_1,8,127.8,71.87,90.33,-0.007999999999995566,0.04399999999999693
