Quant Layer,W Bit,Div,Top 1,Top 5,Top1 Diff,Top5 Diff
pw5_1,8,128.0,71.874,90.316,-0.0040000000000048885,0.030000000000001137
