Quant Layer,W Bit,Div,Top 1,Top 5,Top1 Diff,Top5 Diff
pw5_1,8,128.1,71.868,90.296,-0.010000000000005116,0.010000000000005116
