Quant Layer,W Bit,Div,Top 1,Top 5,Top1 Diff,Top5 Diff
pw5_2,8,127.6,71.884,90.304,0.006000000000000227,0.018000000000000682
