Quant Layer,W Bit,Div,Top 1,Top 5,Top1 Diff,Top5 Diff
pw5_2,8,128.1,71.876,90.298,-0.001999999999995339,0.012000000000000455
