Quant Layer,W Bit,Div,Top 1,Top 5,Top1 Diff,Top5 Diff
pw5_1,8,127.3,71.872,90.28,-0.006000000000000227,-0.006000000000000227
