Quant Layer,W Bit,Div,Top 1,Top 5,Top1 Diff,Top5 Diff
pw5_1,8,200.0,70.178,89.45,-1.7000000000000028,-0.8359999999999985
