Quant Layer,W Bit,Div,Top 1,Top 5,Top1 Diff,Top5 Diff
pw5_2,8,128.0,71.884,90.298,0.006000000000000227,0.012000000000000455
