Quant Layer,W Bit,Div,Top 1,Top 5,Top1 Diff,Top5 Diff
pw5_1,8,127.4,71.832,90.28,-0.04600000000000648,-0.006000000000000227
