Quant Layer,W Bit,Div,Top 1,Top 5,Top1 Diff,Top5 Diff
pw6_2,8,127.7,71.864,90.304,-0.013999999999995794,0.018000000000000682
