Quant Layer,W Bit,Div,Top 1,Top 5,Top1 Diff,Top5 Diff
pw6_1,8,128.1,71.87,90.294,-0.007999999999995566,0.007999999999995566
