Quant Layer,W Bit,Div,Top 1,Top 5,Top1 Diff,Top5 Diff
pw6_1,8,127.7,71.856,90.3,-0.02200000000000557,0.013999999999995794
