Quant Layer,W Bit,Div,Top 1,Top 5,Top1 Diff,Top5 Diff
pw6_2,8,127.5,71.858,90.292,-0.01999999999999602,0.006000000000000227
