Quant Layer,W Bit,Div,Top 1,Top 5,Top1 Diff,Top5 Diff
pw6_1,8,127.3,71.876,90.304,-0.001999999999995339,0.018000000000000682
