Quant Layer,W Bit,Div,Top 1,Top 5,Top1 Diff,Top5 Diff
pw6_2,8,127.8,71.872,90.296,-0.006000000000000227,0.010000000000005116
