Quant Layer,W Bit,Div,Top 1,Top 5,Top1 Diff,Top5 Diff
pw6_2,8,200.0,71.026,90.032,-0.8520000000000039,-0.2540000000000049
