Quant Layer,W Bit,Div,Top 1,Top 5,Top1 Diff,Top5 Diff
pw6_2,8,128.5,71.866,90.288,-0.012000000000000455,0.001999999999995339
