Quant Layer,W Bit,Div,Top 1,Top 5,Top1 Diff,Top5 Diff
pw6_2,8,128.0,71.842,90.268,-0.036000000000001364,-0.018000000000000682
