Quant Layer,W Bit,Div,Top 1,Top 5,Top1 Diff,Top5 Diff
pw6_1,8,127.0,71.868,90.31,-0.010000000000005116,0.02400000000000091
