Quant Layer,W Bit,Div,Top 1,Top 5,Top1 Diff,Top5 Diff
pw6_1,8,200.0,70.95,89.858,-0.9279999999999973,-0.42799999999999727
