Quant Layer,W Bit,Div,Top 1,Top 5,Top1 Diff,Top5 Diff
pw6_1,8,127.4,71.872,90.294,-0.006000000000000227,0.007999999999995566
