Quant Layer,W Bit,Div,Top 1,Top 5,Top1 Diff,Top5 Diff
pw6_2,8,127.6,71.87,90.304,-0.007999999999995566,0.018000000000000682
