Quant Layer,W Bit,Div,Top 1,Top 5,Top1 Diff,Top5 Diff
pw6_2,8,127.3,71.844,90.282,-0.034000000000006025,-0.0040000000000048885
