Quant Layer,W Bit,Div,Top 1,Top 5,Top1 Diff,Top5 Diff
pw6_1,8,128.0,71.86,90.298,-0.018000000000000682,0.012000000000000455
