Quant Layer,W Bit,Div,Top 1,Top 5,Top1 Diff,Top5 Diff
pw6_2,8,127.2,71.83,90.262,-0.04800000000000182,-0.02400000000000091
