Quant Layer,W Bit,Div,Top 1,Top 5,Top1 Diff,Top5 Diff
pw6_2,8,127.4,71.836,90.244,-0.04200000000000159,-0.04200000000000159
