Quant Layer,W Bit,Div,Top 1,Top 5,Top1 Diff,Top5 Diff
pw6_2,8,127.9,71.884,90.288,0.006000000000000227,0.001999999999995339
