Quant Layer,W Bit,Div,Top 1,Top 5,Top1 Diff,Top5 Diff
pw7_2,8,127.3,71.836,90.282,-0.04200000000000159,-0.0040000000000048885
