Quant Layer,W Bit,Div,Top 1,Top 5,Top1 Diff,Top5 Diff
pw7_2,8,127.5,71.852,90.302,-0.02599999999999625,0.016000000000005343
