Quant Layer,W Bit,Div,Top 1,Top 5,Top1 Diff,Top5 Diff
pw7_2,8,128.1,71.844,90.316,-0.034000000000006025,0.030000000000001137
