Quant Layer,W Bit,Div,Top 1,Top 5,Top1 Diff,Top5 Diff
pw7_2,8,127.0,71.798,90.254,-0.0799999999999983,-0.031999999999996476
