Quant Layer,W Bit,Div,Top 1,Top 5,Top1 Diff,Top5 Diff
pw7_1,8,128.0,71.85,90.292,-0.028000000000005798,0.006000000000000227
