Quant Layer,W Bit,Div,Top 1,Top 5,Top1 Diff,Top5 Diff
pw7_1,8,128.1,71.85,90.29,-0.028000000000005798,0.0040000000000048885
