Quant Layer,W Bit,Div,Top 1,Top 5,Top1 Diff,Top5 Diff
pw7_1,8,200.0,68.522,88.544,-3.3559999999999945,-1.7420000000000044
