Quant Layer,W Bit,Div,Top 1,Top 5,Top1 Diff,Top5 Diff
pw7_1,8,127.0,71.866,90.266,-0.012000000000000455,-0.01999999999999602
