Quant Layer,W Bit,Div,Top 1,Top 5,Top1 Diff,Top5 Diff
pw7_1,8,127.4,71.834,90.298,-0.04399999999999693,0.012000000000000455
