Quant Layer,W Bit,Div,Top 1,Top 5,Top1 Diff,Top5 Diff
pw7_2,8,200.0,69.508,89.114,-2.3700000000000045,-1.171999999999997
