Quant Layer,W Bit,Div,Top 1,Top 5,Top1 Diff,Top5 Diff
pw7_2,8,127.7,71.842,90.288,-0.036000000000001364,0.001999999999995339
