Quant Layer,W Bit,Div,Top 1,Top 5,Top1 Diff,Top5 Diff
pw7_1,8,127.5,71.856,90.304,-0.02200000000000557,0.018000000000000682
