Quant Layer,W Bit,Div,Top 1,Top 5,Top1 Diff,Top5 Diff
pw7_2,8,127.9,71.832,90.288,-0.04600000000000648,0.001999999999995339
