Quant Layer,W Bit,Div,Top 1,Top 5,Top1 Diff,Top5 Diff
pw7_2,8,127.1,71.822,90.262,-0.055999999999997385,-0.02400000000000091
