Quant Layer,W Bit,Div,Top 1,Top 5,Top1 Diff,Top5 Diff
pw7_1,8,127.3,71.84,90.288,-0.0379999999999967,0.001999999999995339
