Quant Layer,W Bit,Div,Top 1,Top 5,Top1 Diff,Top5 Diff
pw7_2,8,127.4,71.85,90.298,-0.028000000000005798,0.012000000000000455
