Quant Layer,W Bit,Div,Top 1,Top 5,Top1 Diff,Top5 Diff
pw7_1,8,128.5,71.858,90.282,-0.01999999999999602,-0.0040000000000048885
