Quant Layer,W Bit,Div,Top 1,Top 5,Top1 Diff,Top5 Diff
pw7_2,8,128.0,71.848,90.308,-0.030000000000001137,0.02200000000000557
