Quant Layer,W Bit,Div,Top 1,Top 5,Top1 Diff,Top5 Diff
pw7_2,8,127.2,71.822,90.256,-0.055999999999997385,-0.030000000000001137
