Quant Layer,W Bit,Div,Top 1,Top 5,Top1 Diff,Top5 Diff
pw8_2,8,127.5,71.906,90.306,0.028000000000005798,0.01999999999999602
