Quant Layer,W Bit,Div,Top 1,Top 5,Top1 Diff,Top5 Diff
pw8_1,8,128.1,71.854,90.296,-0.02400000000000091,0.010000000000005116
