Quant Layer,W Bit,Div,Top 1,Top 5,Top1 Diff,Top5 Diff
pw8_2,8,128.1,71.848,90.3,-0.030000000000001137,0.013999999999995794
