Quant Layer,W Bit,Div,Top 1,Top 5,Top1 Diff,Top5 Diff
pw8_2,8,128.5,71.898,90.312,0.01999999999999602,0.02599999999999625
