Quant Layer,W Bit,Div,Top 1,Top 5,Top1 Diff,Top5 Diff
pw8_2,8,128.0,71.854,90.304,-0.02400000000000091,0.018000000000000682
