Quant Layer,W Bit,Div,Top 1,Top 5,Top1 Diff,Top5 Diff
pw8_1,8,127.4,71.858,90.31,-0.01999999999999602,0.02400000000000091
