Quant Layer,W Bit,Div,Top 1,Top 5,Top1 Diff,Top5 Diff
pw8_2,8,127.4,71.862,90.29,-0.016000000000005343,0.0040000000000048885
