Quant Layer,W Bit,Div,Top 1,Top 5,Top1 Diff,Top5 Diff
pw8_1,8,200.0,71.116,89.96,-0.7620000000000005,-0.3260000000000076
