Quant Layer,W Bit,Div,Top 1,Top 5,Top1 Diff,Top5 Diff
pw8_2,8,127.8,71.864,90.306,-0.013999999999995794,0.01999999999999602
