Quant Layer,W Bit,Div,Top 1,Top 5,Top1 Diff,Top5 Diff
pw8_1,8,128.0,71.872,90.31,-0.006000000000000227,0.02400000000000091
