Quant Layer,W Bit,Div,Top 1,Top 5,Top1 Diff,Top5 Diff
pw8_2,8,127.1,71.846,90.29,-0.031999999999996476,0.0040000000000048885
