Quant Layer,W Bit,Div,Top 1,Top 5,Top1 Diff,Top5 Diff
pw8_1,8,127.0,71.848,90.296,-0.030000000000001137,0.010000000000005116
