Quant Layer,W Bit,Div,Top 1,Top 5,Top1 Diff,Top5 Diff
pw8_2,8,127.9,71.84,90.296,-0.0379999999999967,0.010000000000005116
