Quant Layer,W Bit,Div,Top 1,Top 5,Top1 Diff,Top5 Diff
pw8_2,8,127.2,71.87,90.288,-0.007999999999995566,0.001999999999995339
