Quant Layer,W Bit,Div,Top 1,Top 5,Top1 Diff,Top5 Diff
pw8_1,8,127.8,71.858,90.308,-0.01999999999999602,0.02200000000000557
