Quant Layer,W Bit,Div,Top 1,Top 5,Top1 Diff,Top5 Diff
pw8_2,8,127.0,71.842,90.274,-0.036000000000001364,-0.012000000000000455
