Quant Layer,W Bit,Div,Top 1,Top 5,Top1 Diff,Top5 Diff
pw8_1,8,127.9,71.866,90.312,-0.012000000000000455,0.02599999999999625
