Quant Layer,W Bit,Div,Top 1,Top 5,Top1 Diff,Top5 Diff
pw8_2,8,200.0,71.266,90.018,-0.6119999999999948,-0.2680000000000007
