Quant Layer,W Bit,Div,Top 1,Top 5,Top1 Diff,Top5 Diff
pw8_1,8,127.6,71.86,90.306,-0.018000000000000682,0.01999999999999602
