Quant Layer,W Bit,Div,Top 1,Top 5,Top1 Diff,Top5 Diff
pw9_1,8,128.5,71.908,90.296,0.030000000000001137,0.010000000000005116
