Quant Layer,W Bit,Div,Top 1,Top 5,Top1 Diff,Top5 Diff
pw9_1,8,127.4,71.874,90.294,-0.0040000000000048885,0.007999999999995566
