Quant Layer,W Bit,Div,Top 1,Top 5,Top1 Diff,Top5 Diff
pw9_2,8,127.6,71.876,90.284,-0.001999999999995339,-0.001999999999995339
