Quant Layer,W Bit,Div,Top 1,Top 5,Top1 Diff,Top5 Diff
pw9_2,8,127.0,71.848,90.246,-0.030000000000001137,-0.04000000000000625
