Quant Layer,W Bit,Div,Top 1,Top 5,Top1 Diff,Top5 Diff
pw9_1,8,127.2,71.874,90.298,-0.0040000000000048885,0.012000000000000455
