Quant Layer,W Bit,Div,Top 1,Top 5,Top1 Diff,Top5 Diff
pw9_2,8,200.0,71.568,90.212,-0.3100000000000023,-0.07399999999999807
