Quant Layer,W Bit,Div,Top 1,Top 5,Top1 Diff,Top5 Diff
pw9_2,8,127.5,71.876,90.294,-0.001999999999995339,0.007999999999995566
