Quant Layer,W Bit,Div,Top 1,Top 5,Top1 Diff,Top5 Diff
pw9_1,8,127.0,71.89,90.296,0.012000000000000455,0.010000000000005116
