Quant Layer,W Bit,Div,Top 1,Top 5,Top1 Diff,Top5 Diff
pw9_1,8,200.0,71.546,90.172,-0.33199999999999363,-0.11400000000000432
